<application>
  <component name="FindSettings">
    <option name="caseSensitive" value="true" />
    <option name="customScope" value="Open Files" />
    <option name="defaultScopeName" value="Open Files" />
    <option name="showResultsInSeparateView" value="true" />
    <option name="wholeWordsOnly" value="true" />
    <option name="CASE_SENSITIVE_SEARCH" value="true" />
    <option name="WHOLE_WORDS_ONLY" value="true" />
    <option name="SHOW_RESULTS_IN_SEPARATE_VIEW" value="true" />
    <option name="SEARCH_SCOPE" value="Open Files" />
    <recentFileMasks>
      <mask>*.properties</mask>
      <mask>*.html</mask>
      <mask>*.xml</mask>
      <mask>*.as</mask>
      <mask>*.css</mask>
      <mask>*.mxml</mask>
      <mask>*.cl</mask>
      <mask>*.c</mask>
      <mask>*.</mask>
      <mask>*.j</mask>
      <mask>*.ja</mask>
      <mask>*.jav</mask>
      <mask>*.java</mask>
      <mask>*.js</mask>
      <mask>*.jsp</mask>
    </recentFileMasks>
  </component>
</application>