<application>
  <component name="ProjectJdkTable">
    <jdk version="2">
      <name value="1.7" />
      <type value="JavaSDK" />
      <version value="java version &quot;1.7.0_79&quot;" />
      <homePath value="D:\Java\jdk1.7.0_79" />
      <roots>
        <annotationsPath>
          <root type="composite">
            <root url="jar://$APPLICATION_HOME_DIR$/lib/jdkAnnotations.jar!/" type="simple" />
          </root>
        </annotationsPath>
        <classPath>
          <root type="composite">
            <root url="jar://D:/Java/jdk1.7.0_79/jre/lib/charsets.jar!/" type="simple" />
            <root url="jar://D:/Java/jdk1.7.0_79/jre/lib/deploy.jar!/" type="simple" />
            <root url="jar://D:/Java/jdk1.7.0_79/jre/lib/ext/access-bridge-64.jar!/" type="simple" />
            <root url="jar://D:/Java/jdk1.7.0_79/jre/lib/ext/dnsns.jar!/" type="simple" />
            <root url="jar://D:/Java/jdk1.7.0_79/jre/lib/ext/jaccess.jar!/" type="simple" />
            <root url="jar://D:/Java/jdk1.7.0_79/jre/lib/ext/localedata.jar!/" type="simple" />
            <root url="jar://D:/Java/jdk1.7.0_79/jre/lib/ext/sunec.jar!/" type="simple" />
            <root url="jar://D:/Java/jdk1.7.0_79/jre/lib/ext/sunjce_provider.jar!/" type="simple" />
            <root url="jar://D:/Java/jdk1.7.0_79/jre/lib/ext/sunmscapi.jar!/" type="simple" />
            <root url="jar://D:/Java/jdk1.7.0_79/jre/lib/ext/zipfs.jar!/" type="simple" />
            <root url="jar://D:/Java/jdk1.7.0_79/jre/lib/javaws.jar!/" type="simple" />
            <root url="jar://D:/Java/jdk1.7.0_79/jre/lib/jce.jar!/" type="simple" />
            <root url="jar://D:/Java/jdk1.7.0_79/jre/lib/jfr.jar!/" type="simple" />
            <root url="jar://D:/Java/jdk1.7.0_79/jre/lib/jfxrt.jar!/" type="simple" />
            <root url="jar://D:/Java/jdk1.7.0_79/jre/lib/jsse.jar!/" type="simple" />
            <root url="jar://D:/Java/jdk1.7.0_79/jre/lib/management-agent.jar!/" type="simple" />
            <root url="jar://D:/Java/jdk1.7.0_79/jre/lib/plugin.jar!/" type="simple" />
            <root url="jar://D:/Java/jdk1.7.0_79/jre/lib/resources.jar!/" type="simple" />
            <root url="jar://D:/Java/jdk1.7.0_79/jre/lib/rt.jar!/" type="simple" />
          </root>
        </classPath>
        <javadocPath>
          <root type="composite" />
        </javadocPath>
        <sourcePath>
          <root type="composite">
            <root url="jar://D:/Java/jdk1.7.0_79/src.zip!/" type="simple" />
          </root>
        </sourcePath>
      </roots>
      <additional />
    </jdk>
  </component>
</application>